INSERT INTO PRODUTO (ID, NOME, VALOR) VALUES(1,'CAMISETA', 17.99);
INSERT INTO PRODUTO (ID, NOME, VALOR) VALUES(2,'TENIS', 250.00);
INSERT INTO PRODUTO (ID, NOME, VALOR) VALUES(3,'MEIA', 5.99);
INSERT INTO PRODUTO (ID, NOME, VALOR) VALUES(4,'SHORTS', 29.99);
INSERT INTO PRODUTO (ID, NOME, VALOR) VALUES(5,'CALCA', 59.99);

INSERT INTO VENDEDOR (ID, NOME, TELEFONE) VALUES(1,'ADEMIR', '011-2360-0852');
INSERT INTO VENDEDOR (ID, NOME, TELEFONE) VALUES(2,'CELSO', '011-2352-7741');
INSERT INTO VENDEDOR (ID, NOME, TELEFONE) VALUES(3,'SERGIO', '012-99553-4440');
INSERT INTO VENDEDOR (ID, NOME, TELEFONE) VALUES(4,'SONIA', '012-2350-8585');
INSERT INTO VENDEDOR (ID, NOME, TELEFONE) VALUES(5,'MARIA', '011-2365-5686');

INSERT INTO CLIENTE (ID, NOME, TELEFONE) VALUES(1,'SORAIA', '011-2360-0852');
INSERT INTO CLIENTE (ID, NOME, TELEFONE) VALUES(2,'MARIELLE', '011-2352-7741');
INSERT INTO CLIENTE (ID, NOME, TELEFONE) VALUES(3,'BRUNO', '012-99553-4440');
INSERT INTO CLIENTE (ID, NOME, TELEFONE) VALUES(4,'MANUELA', '012-2350-8585');
INSERT INTO CLIENTE (ID, NOME, TELEFONE) VALUES(5,'DANIEL', '011-2365-5686');

INSERT INTO VENDA (ID, DATA_VENDA, CLIENTE_ID, VENDEDOR_ID, TOTAL) VALUES(51,'2019-08-01', 3, 2, 59.99);
INSERT INTO VENDA (ID, DATA_VENDA, CLIENTE_ID, VENDEDOR_ID, TOTAL) VALUES(52,'2019-08-17', 2, 5, 59.98);
INSERT INTO VENDA (ID, DATA_VENDA, CLIENTE_ID, VENDEDOR_ID, TOTAL) VALUES(53,'2019-09-23', 5, 1, 929.94);
INSERT INTO VENDA (ID, DATA_VENDA, CLIENTE_ID, VENDEDOR_ID, TOTAL) VALUES(54,'2019-05-13', 1, 4, 59.98);
INSERT INTO VENDA (ID, DATA_VENDA, CLIENTE_ID, VENDEDOR_ID, TOTAL) VALUES(55,'2019-10-05', 4, 3, 250.00);

INSERT INTO ITEM_VENDA (ID, VENDA_ID, PRODUTO_ID,QUANTIDADE, VALOR_UN, TOTAL ) VALUES(1, 53, 4, 2, 29.99, 59.98);
INSERT INTO ITEM_VENDA (ID, VENDA_ID, PRODUTO_ID,QUANTIDADE, VALOR_UN, TOTAL ) VALUES(2, 51, 5, 1, 59.99, 59.99);
INSERT INTO ITEM_VENDA (ID, VENDA_ID, PRODUTO_ID,QUANTIDADE, VALOR_UN, TOTAL ) VALUES(3, 53, 4, 4, 29.99, 119.96);
INSERT INTO ITEM_VENDA (ID, VENDA_ID, PRODUTO_ID,QUANTIDADE, VALOR_UN, TOTAL ) VALUES(4, 53, 2, 3, 250.00, 750.00);
INSERT INTO ITEM_VENDA (ID, VENDA_ID, PRODUTO_ID,QUANTIDADE, VALOR_UN, TOTAL ) VALUES(5, 55, 2, 1, 250.00, 250.00);
INSERT INTO ITEM_VENDA (ID, VENDA_ID, PRODUTO_ID,QUANTIDADE, VALOR_UN, TOTAL ) VALUES(6, 52, 4, 2, 29.99, 59.98);
INSERT INTO ITEM_VENDA (ID, VENDA_ID, PRODUTO_ID,QUANTIDADE, VALOR_UN, TOTAL ) VALUES(7, 54, 5, 2, 29.99, 59.98);